Image,Model,Top1_Class,Top1_Confidence_%,Top5_Predictions
sunflower_0.jpg,VGG16,daisy,96.49,daisy (96.5%) | bee (0.9%) | hummingbird (0.4%) | fly (0.3%) | picket_fence (0.2%)
sunflower_1.jpg,VGG16,daisy,91.48,daisy (91.5%) | bee (3.7%) | fly (1.0%) | admiral (0.4%) | sulphur_butterfly (0.3%)
sunflower_2.jpg,VGG16,daisy,82.04,daisy (82.0%) | bee (5.6%) | snail (2.0%) | fly (1.1%) | pot (1.1%)
sunflower_3.jpg,VGG16,daisy,93.25,daisy (93.3%) | bee (1.4%) | fly (0.6%) | hummingbird (0.6%) | sulphur_butterfly (0.5%)
sunflower_4.jpg,VGG16,daisy,70.41,daisy (70.4%) | bee (6.8%) | snail (2.9%) | fly (2.6%) | pot (2.2%)
Rose_0.jpg,VGG16,hip,8.8,hip (8.8%) | bucket (3.7%) | picket_fence (2.7%) | cloak (2.2%) | sulphur_butterfly (2.1%)
Rose_1.jpg,VGG16,sulphur_butterfly,28.93,sulphur_butterfly (28.9%) | hip (11.1%) | ant (5.5%) | hummingbird (4.5%) | monarch (3.9%)
Rose_2.jpg,VGG16,hip,15.79,hip (15.8%) | barrow (4.4%) | monarch (2.9%) | chainlink_fence (2.1%) | ostrich (1.9%)
Rose_3.jpg,VGG16,hip,19.05,hip (19.1%) | barrow (7.4%) | park_bench (4.4%) | chainlink_fence (3.4%) | Irish_wolfhound (2.4%)
Rose_4.jpg,VGG16,hip,43.59,hip (43.6%) | bee (21.9%) | hummingbird (7.8%) | pot (3.0%) | cabbage_butterfly (2.2%)
Marigold_0.jpg,VGG16,goldfish,52.09,goldfish (52.1%) | stinkhorn (5.0%) | daisy (2.9%) | agaric (2.7%) | strawberry (2.6%)
Marigold_1.jpg,VGG16,daisy,23.4,daisy (23.4%) | zucchini (19.0%) | goldfish (4.5%) | pot (4.3%) | spaghetti_squash (4.3%)
Marigold_2.jpg,VGG16,spaghetti_squash,28.73,spaghetti_squash (28.7%) | zucchini (6.5%) | cauliflower (4.4%) | sulphur_butterfly (4.0%) | head_cabbage (3.5%)
Marigold_3.jpg,VGG16,daisy,29.4,daisy (29.4%) | spaghetti_squash (5.2%) | lacewing (2.5%) | cardoon (2.4%) | rapeseed (2.3%)
Marigold_4.jpg,VGG16,goldfish,9.9,goldfish (9.9%) | cucumber (4.6%) | tray (2.9%) | doormat (2.5%) | pot (2.3%)
Hibiscus_0.jpg,VGG16,cabbage_butterfly,16.57,cabbage_butterfly (16.6%) | daisy (14.5%) | hip (8.0%) | yellow_lady's_slipper (5.7%) | earthstar (5.1%)
Hibiscus_1.jpg,VGG16,daisy,45.3,daisy (45.3%) | cabbage_butterfly (11.6%) | earthstar (6.0%) | mushroom (4.6%) | picket_fence (2.1%)
Hibiscus_2.jpg,VGG16,daisy,70.69,daisy (70.7%) | American_egret (5.6%) | plastic_bag (2.0%) | picket_fence (1.7%) | cabbage_butterfly (1.0%)
Hibiscus_3.jpg,VGG16,daisy,50.04,daisy (50.0%) | cabbage_butterfly (3.5%) | picket_fence (2.5%) | worm_fence (1.3%) | plastic_bag (1.3%)
Hibiscus_4.jpg,VGG16,daisy,31.97,daisy (32.0%) | pot (20.8%) | picket_fence (15.9%) | greenhouse (4.3%) | plastic_bag (1.5%)
Nayantara_0.jpg,VGG16,pot,4.8,pot (4.8%) | daisy (4.0%) | green_lizard (4.0%) | slug (3.4%) | box_turtle (2.4%)
Nayantara_1.jpg,VGG16,pot,12.77,pot (12.8%) | picket_fence (9.0%) | earthstar (8.7%) | coral_fungus (3.1%) | daisy (3.0%)
Nayantara_2.jpg,VGG16,green_lizard,26.61,green_lizard (26.6%) | American_chameleon (9.0%) | green_snake (3.9%) | tree_frog (3.0%) | slug (2.9%)
Nayantara_3.jpg,VGG16,cabbage_butterfly,11.18,cabbage_butterfly (11.2%) | pot (10.6%) | daisy (3.2%) | acorn (2.1%) | bell_pepper (2.0%)
Nayantara_4.jpg,VGG16,cabbage_butterfly,13.78,cabbage_butterfly (13.8%) | yellow_lady's_slipper (7.7%) | daisy (5.7%) | sulphur_butterfly (4.6%) | hip (4.0%)
sunflower_0.jpg,VGG19,daisy,93.29,daisy (93.3%) | bee (3.2%) | ant (0.5%) | pot (0.3%) | fly (0.2%)
sunflower_1.jpg,VGG19,daisy,97.13,daisy (97.1%) | bee (1.1%) | ant (0.2%) | picket_fence (0.2%) | pot (0.2%)
sunflower_2.jpg,VGG19,daisy,84.93,daisy (84.9%) | bee (7.7%) | fly (1.1%) | ant (0.7%) | pot (0.6%)
sunflower_3.jpg,VGG19,daisy,94.15,daisy (94.2%) | bee (2.9%) | cabbage_butterfly (0.5%) | pot (0.3%) | picket_fence (0.2%)
sunflower_4.jpg,VGG19,daisy,84.05,daisy (84.1%) | bee (10.7%) | fly (1.1%) | sulphur_butterfly (0.5%) | ant (0.4%)
Rose_0.jpg,VGG19,hip,17.05,hip (17.1%) | head_cabbage (13.5%) | plastic_bag (6.3%) | sulphur_butterfly (4.1%) | pot (2.6%)
Rose_1.jpg,VGG19,hip,76.55,hip (76.5%) | chainlink_fence (7.2%) | plastic_bag (1.5%) | leaf_beetle (1.4%) | sulphur_butterfly (1.4%)
Rose_2.jpg,VGG19,hip,18.98,hip (19.0%) | leaf_beetle (4.0%) | leafhopper (4.0%) | barrow (3.1%) | ant (2.3%)
Rose_3.jpg,VGG19,hip,8.52,hip (8.5%) | barrow (5.9%) | spoonbill (5.5%) | leafhopper (4.6%) | leaf_beetle (2.5%)
Rose_4.jpg,VGG19,hip,31.3,hip (31.3%) | bee (15.2%) | pot (12.8%) | cabbage_butterfly (6.9%) | picket_fence (3.3%)
Marigold_0.jpg,VGG19,goldfish,33.99,goldfish (34.0%) | eft (5.9%) | daisy (5.0%) | common_newt (3.2%) | spaghetti_squash (2.7%)
Marigold_1.jpg,VGG19,stinkhorn,34.98,stinkhorn (35.0%) | zucchini (13.7%) | spaghetti_squash (11.5%) | barn_spider (4.0%) | strawberry (3.2%)
Marigold_2.jpg,VGG19,spaghetti_squash,37.53,spaghetti_squash (37.5%) | sulphur_butterfly (8.6%) | stinkhorn (6.3%) | coral_fungus (3.7%) | ski_mask (2.3%)
Marigold_3.jpg,VGG19,daisy,15.96,daisy (16.0%) | spaghetti_squash (6.9%) | cardoon (3.4%) | earthstar (2.3%) | coral_fungus (1.8%)
Marigold_4.jpg,VGG19,prayer_rug,2.75,prayer_rug (2.8%) | plastic_bag (2.7%) | goldfish (2.5%) | sleeping_bag (2.5%) | wool (2.5%)
Hibiscus_0.jpg,VGG19,ant,19.0,ant (19.0%) | fly (16.0%) | bee (14.7%) | daisy (10.2%) | cabbage_butterfly (10.0%)
Hibiscus_1.jpg,VGG19,daisy,55.77,daisy (55.8%) | cabbage_butterfly (10.3%) | mushroom (5.9%) | ant (4.3%) | earthstar (2.6%)
Hibiscus_2.jpg,VGG19,daisy,62.78,daisy (62.8%) | cabbage_butterfly (3.4%) | picket_fence (3.0%) | pot (1.8%) | ant (1.4%)
Hibiscus_3.jpg,VGG19,daisy,42.24,daisy (42.2%) | picket_fence (4.4%) | cabbage_butterfly (4.2%) | Lhasa (2.9%) | Shih-Tzu (2.2%)
Hibiscus_4.jpg,VGG19,daisy,45.18,daisy (45.2%) | pot (16.7%) | picket_fence (6.6%) | greenhouse (6.5%) | cabbage_butterfly (3.2%)
Nayantara_0.jpg,VGG19,pot,7.17,pot (7.2%) | daisy (4.5%) | cucumber (4.1%) | cabbage_butterfly (3.4%) | green_lizard (3.1%)
Nayantara_1.jpg,VGG19,coral_fungus,14.47,coral_fungus (14.5%) | stinkhorn (10.7%) | acorn (6.4%) | slug (6.1%) | earthstar (5.6%)
Nayantara_2.jpg,VGG19,pot,18.09,pot (18.1%) | cucumber (4.1%) | daisy (3.4%) | green_lizard (3.0%) | axolotl (2.1%)
Nayantara_3.jpg,VGG19,pot,14.61,pot (14.6%) | ant (6.2%) | cabbage_butterfly (6.1%) | daisy (4.1%) | picket_fence (3.8%)
Nayantara_4.jpg,VGG19,daisy,27.0,daisy (27.0%) | cabbage_butterfly (8.8%) | yellow_lady's_slipper (7.0%) | sulphur_butterfly (3.1%) | ant (2.7%)
sunflower_0.jpg,ResNet50,daisy,99.58,daisy (99.6%) | bee (0.3%) | sulphur_butterfly (0.0%) | fly (0.0%) | vase (0.0%)
sunflower_1.jpg,ResNet50,daisy,98.33,daisy (98.3%) | bee (0.8%) | fly (0.2%) | sulphur_butterfly (0.1%) | vase (0.1%)
sunflower_2.jpg,ResNet50,daisy,97.01,daisy (97.0%) | bee (0.9%) | fly (0.4%) | sulphur_butterfly (0.3%) | vase (0.2%)
sunflower_3.jpg,ResNet50,daisy,96.83,daisy (96.8%) | bee (0.7%) | sulphur_butterfly (0.6%) | vase (0.5%) | fly (0.3%)
sunflower_4.jpg,ResNet50,daisy,99.04,daisy (99.0%) | bee (0.3%) | fly (0.1%) | sulphur_butterfly (0.1%) | grasshopper (0.1%)
Rose_0.jpg,ResNet50,parachute,46.26,parachute (46.3%) | shower_cap (6.3%) | stinkhorn (5.8%) | plastic_bag (4.9%) | flagpole (2.8%)
Rose_1.jpg,ResNet50,sulphur_butterfly,16.54,sulphur_butterfly (16.5%) | hip (13.7%) | hummingbird (12.0%) | ant (8.2%) | cabbage_butterfly (7.9%)
Rose_2.jpg,ResNet50,hummingbird,40.65,hummingbird (40.7%) | hip (22.3%) | bee (4.3%) | monarch (4.2%) | sulphur_butterfly (2.8%)
Rose_3.jpg,ResNet50,hip,19.59,hip (19.6%) | hummingbird (15.5%) | bee (8.5%) | monarch (8.4%) | sulphur_butterfly (6.7%)
Rose_4.jpg,ResNet50,hip,72.5,hip (72.5%) | hummingbird (8.1%) | sulphur_butterfly (4.7%) | bee (4.1%) | brassiere (2.2%)
Marigold_0.jpg,ResNet50,cardoon,24.72,cardoon (24.7%) | daisy (14.6%) | spaghetti_squash (10.9%) | goldfish (4.8%) | zucchini (4.0%)
Marigold_1.jpg,ResNet50,spaghetti_squash,17.2,spaghetti_squash (17.2%) | daisy (16.6%) | stinkhorn (12.1%) | cardoon (8.5%) | hen-of-the-woods (6.5%)
Marigold_2.jpg,ResNet50,spaghetti_squash,22.75,spaghetti_squash (22.8%) | coral_fungus (15.7%) | stinkhorn (12.9%) | cardoon (4.3%) | barn_spider (3.6%)
Marigold_3.jpg,ResNet50,daisy,18.21,daisy (18.2%) | pot (7.2%) | earthstar (6.3%) | hen-of-the-woods (4.7%) | Sussex_spaniel (3.8%)
Marigold_4.jpg,ResNet50,eggnog,9.23,eggnog (9.2%) | packet (8.3%) | daisy (6.5%) | pot (6.3%) | prayer_rug (5.9%)
Hibiscus_0.jpg,ResNet50,daisy,17.64,daisy (17.6%) | pot (15.6%) | hip (10.4%) | bee (8.3%) | cabbage_butterfly (6.4%)
Hibiscus_1.jpg,ResNet50,daisy,26.44,daisy (26.4%) | cabbage_butterfly (11.5%) | hip (9.7%) | pot (7.2%) | earthstar (5.3%)
Hibiscus_2.jpg,ResNet50,cabbage_butterfly,73.23,cabbage_butterfly (73.2%) | daisy (4.2%) | pot (3.7%) | chainlink_fence (2.4%) | plastic_bag (2.4%)
Hibiscus_3.jpg,ResNet50,pot,21.43,pot (21.4%) | cabbage_butterfly (15.9%) | daisy (11.6%) | greenhouse (7.9%) | spider_web (4.3%)
Hibiscus_4.jpg,ResNet50,greenhouse,34.96,greenhouse (35.0%) | pot (28.7%) | daisy (19.8%) | hip (3.4%) | cabbage_butterfly (2.1%)
Nayantara_0.jpg,ResNet50,daisy,21.31,daisy (21.3%) | pot (10.3%) | lycaenid (5.6%) | fly (5.4%) | ant (4.6%)
Nayantara_1.jpg,ResNet50,daisy,21.88,daisy (21.9%) | pot (14.4%) | picket_fence (6.3%) | slug (4.6%) | chainlink_fence (4.2%)
Nayantara_2.jpg,ResNet50,daisy,83.08,daisy (83.1%) | pot (5.4%) | lacewing (3.6%) | cabbage_butterfly (1.4%) | ant (1.0%)
Nayantara_3.jpg,ResNet50,daisy,33.6,daisy (33.6%) | pot (16.9%) | bell_pepper (3.7%) | cabbage_butterfly (2.7%) | chainlink_fence (2.0%)
Nayantara_4.jpg,ResNet50,daisy,43.03,daisy (43.0%) | cabbage_butterfly (11.2%) | hip (9.8%) | pot (3.7%) | earthstar (3.5%)
sunflower_0.jpg,InceptionV3,daisy,97.62,daisy (97.6%) | bee (0.1%) | sulphur_butterfly (0.1%) | bottlecap (0.1%) | monarch (0.0%)
sunflower_1.jpg,InceptionV3,daisy,97.5,daisy (97.5%) | bee (0.2%) | sulphur_butterfly (0.1%) | picket_fence (0.1%) | monarch (0.1%)
sunflower_2.jpg,InceptionV3,daisy,93.91,daisy (93.9%) | bee (0.4%) | sulphur_butterfly (0.2%) | monarch (0.1%) | fly (0.1%)
sunflower_3.jpg,InceptionV3,daisy,94.45,daisy (94.4%) | bee (0.7%) | monarch (0.4%) | sulphur_butterfly (0.3%) | fly (0.1%)
sunflower_4.jpg,InceptionV3,daisy,93.93,daisy (93.9%) | monarch (0.5%) | bee (0.3%) | sulphur_butterfly (0.3%) | fly (0.1%)
Rose_0.jpg,InceptionV3,gyromitra,16.29,gyromitra (16.3%) | stinkhorn (13.8%) | hip (8.1%) | earthstar (2.8%) | pomegranate (2.6%)
Rose_1.jpg,InceptionV3,hip,60.51,hip (60.5%) | hummingbird (3.1%) | sulphur_butterfly (2.3%) | bee (1.8%) | chainlink_fence (1.4%)
Rose_2.jpg,InceptionV3,bee,22.1,bee (22.1%) | daisy (13.7%) | picket_fence (7.9%) | cabbage_butterfly (5.1%) | sulphur_butterfly (3.7%)
Rose_3.jpg,InceptionV3,bee,13.42,bee (13.4%) | picket_fence (9.8%) | hip (7.8%) | daisy (5.6%) | cabbage_butterfly (3.9%)
Rose_4.jpg,InceptionV3,hip,24.92,hip (24.9%) | pot (10.7%) | picket_fence (6.3%) | earthstar (5.3%) | stinkhorn (4.4%)
Marigold_0.jpg,InceptionV3,cardoon,18.12,cardoon (18.1%) | daisy (5.3%) | pot (4.4%) | earthstar (3.8%) | hen-of-the-woods (2.6%)
Marigold_1.jpg,InceptionV3,daisy,53.41,daisy (53.4%) | sulphur_butterfly (3.0%) | bee (2.4%) | cabbage_butterfly (1.8%) | monarch (1.7%)
Marigold_2.jpg,InceptionV3,daisy,81.08,daisy (81.1%) | cardoon (1.1%) | bee (0.8%) | stinkhorn (0.5%) | sulphur_butterfly (0.4%)
Marigold_3.jpg,InceptionV3,daisy,67.2,daisy (67.2%) | earthstar (2.5%) | cardoon (2.3%) | hen-of-the-woods (0.8%) | pot (0.8%)
Marigold_4.jpg,InceptionV3,daisy,83.1,daisy (83.1%) | vase (2.3%) | cup (1.1%) | pot (0.6%) | packet (0.5%)
Hibiscus_0.jpg,InceptionV3,pot,13.27,pot (13.3%) | hip (6.2%) | centipede (6.1%) | picket_fence (5.1%) | ant (5.0%)
Hibiscus_1.jpg,InceptionV3,picket_fence,36.06,picket_fence (36.1%) | pot (9.8%) | hip (6.6%) | greenhouse (4.7%) | chainlink_fence (3.0%)
Hibiscus_2.jpg,InceptionV3,daisy,17.17,daisy (17.2%) | pot (11.1%) | picket_fence (6.9%) | earthstar (4.8%) | greenhouse (2.4%)
Hibiscus_3.jpg,InceptionV3,pot,29.08,pot (29.1%) | picket_fence (13.6%) | hip (8.4%) | greenhouse (7.4%) | daisy (5.3%)
Hibiscus_4.jpg,InceptionV3,pot,17.81,pot (17.8%) | greenhouse (17.2%) | picket_fence (16.1%) | hip (4.1%) | hummingbird (2.5%)
Nayantara_0.jpg,InceptionV3,pot,64.05,pot (64.1%) | mortar (3.4%) | bubble (2.4%) | greenhouse (2.2%) | daisy (1.7%)
Nayantara_1.jpg,InceptionV3,pot,24.04,pot (24.0%) | ant (8.1%) | earthstar (4.2%) | greenhouse (3.5%) | strawberry (2.8%)
Nayantara_2.jpg,InceptionV3,pot,18.81,pot (18.8%) | green_lizard (5.9%) | greenhouse (1.9%) | ant (1.7%) | picket_fence (1.6%)
Nayantara_3.jpg,InceptionV3,pot,69.88,pot (69.9%) | greenhouse (1.8%) | vase (1.3%) | picket_fence (1.1%) | ant (1.1%)
Nayantara_4.jpg,InceptionV3,pot,28.08,pot (28.1%) | stinkhorn (3.0%) | dragonfly (2.7%) | earthstar (2.6%) | greenhouse (2.6%)
sunflower_0.jpg,Xception,daisy,92.98,daisy (93.0%) | bee (0.5%) | pot (0.3%) | picket_fence (0.2%) | sulphur_butterfly (0.2%)
sunflower_1.jpg,Xception,daisy,90.2,daisy (90.2%) | pot (0.6%) | bee (0.5%) | picket_fence (0.4%) | rapeseed (0.4%)
sunflower_2.jpg,Xception,daisy,86.64,daisy (86.6%) | rapeseed (0.4%) | picket_fence (0.2%) | sulphur_butterfly (0.2%) | bee (0.2%)
sunflower_3.jpg,Xception,daisy,94.53,daisy (94.5%) | sulphur_butterfly (0.2%) | vase (0.2%) | bee (0.2%) | pot (0.1%)
sunflower_4.jpg,Xception,daisy,81.29,daisy (81.3%) | pot (0.5%) | sulphur_butterfly (0.4%) | picket_fence (0.3%) | bee (0.3%)
Rose_0.jpg,Xception,stinkhorn,11.3,stinkhorn (11.3%) | hip (8.8%) | hummingbird (7.4%) | sulphur_butterfly (7.0%) | bee (3.7%)
Rose_1.jpg,Xception,hip,35.25,hip (35.3%) | pot (4.7%) | chainlink_fence (2.9%) | sulphur_butterfly (2.7%) | picket_fence (2.0%)
Rose_2.jpg,Xception,hip,14.1,hip (14.1%) | bee (5.4%) | cabbage_butterfly (3.2%) | sulphur_butterfly (2.6%) | rapeseed (2.6%)
Rose_3.jpg,Xception,hip,15.68,hip (15.7%) | bee (5.2%) | cabbage_butterfly (3.9%) | hummingbird (3.6%) | sulphur_butterfly (3.4%)
Rose_4.jpg,Xception,pot,24.59,pot (24.6%) | hip (21.9%) | picket_fence (2.9%) | bee (2.2%) | cabbage_butterfly (1.9%)
Marigold_0.jpg,Xception,cardoon,32.06,cardoon (32.1%) | stinkhorn (6.6%) | daisy (5.6%) | gyromitra (3.9%) | strawberry (2.7%)
Marigold_1.jpg,Xception,daisy,25.0,daisy (25.0%) | spaghetti_squash (12.5%) | hair_slide (9.4%) | corn (6.2%) | cardoon (3.8%)
Marigold_2.jpg,Xception,daisy,28.92,daisy (28.9%) | cardoon (3.4%) | earthstar (2.6%) | spaghetti_squash (1.8%) | sulphur_butterfly (1.2%)
Marigold_3.jpg,Xception,daisy,19.63,daisy (19.6%) | coral_fungus (10.8%) | pot (3.7%) | earthstar (3.2%) | cardoon (2.3%)
Marigold_4.jpg,Xception,daisy,39.86,daisy (39.9%) | pot (11.1%) | cardoon (8.8%) | earthstar (1.1%) | coral_fungus (1.0%)
Hibiscus_0.jpg,Xception,bee,17.5,bee (17.5%) | pot (17.0%) | hip (10.1%) | earthstar (6.2%) | buckeye (5.6%)
Hibiscus_1.jpg,Xception,earthstar,16.14,earthstar (16.1%) | bee (6.1%) | pot (6.1%) | strawberry (5.3%) | daisy (5.3%)
Hibiscus_2.jpg,Xception,cabbage_butterfly,8.49,cabbage_butterfly (8.5%) | daisy (7.9%) | earthstar (6.5%) | pot (3.8%) | plastic_bag (2.2%)
Hibiscus_3.jpg,Xception,daisy,52.56,daisy (52.6%) | earthstar (12.0%) | pot (7.2%) | picket_fence (3.9%) | cabbage_butterfly (2.3%)
Hibiscus_4.jpg,Xception,earthstar,46.79,earthstar (46.8%) | pot (13.1%) | daisy (9.1%) | hip (3.3%) | cabbage_butterfly (2.0%)
Nayantara_0.jpg,Xception,pot,14.45,pot (14.4%) | acorn (7.7%) | tree_frog (6.3%) | green_lizard (3.4%) | cucumber (2.8%)
Nayantara_1.jpg,Xception,earthstar,21.77,earthstar (21.8%) | pot (9.5%) | pinwheel (8.6%) | ant (6.2%) | strawberry (2.5%)
Nayantara_2.jpg,Xception,pot,23.24,pot (23.2%) | daisy (8.4%) | earthstar (4.0%) | green_lizard (2.7%) | ant (2.6%)
Nayantara_3.jpg,Xception,pot,44.62,pot (44.6%) | earthstar (12.0%) | picket_fence (3.1%) | hip (2.3%) | walking_stick (1.1%)
Nayantara_4.jpg,Xception,earthstar,17.87,earthstar (17.9%) | pot (14.7%) | yellow_lady's_slipper (8.0%) | daisy (4.8%) | buckeye (4.3%)
sunflower_0.jpg,MobileNetV2,daisy,85.53,daisy (85.5%) | bee (1.0%) | fly (0.5%) | rapeseed (0.5%) | cricket (0.2%)
sunflower_1.jpg,MobileNetV2,daisy,87.59,daisy (87.6%) | bee (1.2%) | fly (0.4%) | rapeseed (0.4%) | cricket (0.2%)
sunflower_2.jpg,MobileNetV2,daisy,85.25,daisy (85.2%) | bee (0.6%) | fly (0.4%) | cricket (0.2%) | sulphur_butterfly (0.2%)
sunflower_3.jpg,MobileNetV2,daisy,89.11,daisy (89.1%) | bee (0.7%) | fly (0.5%) | pot (0.2%) | cricket (0.1%)
sunflower_4.jpg,MobileNetV2,daisy,88.92,daisy (88.9%) | bee (0.6%) | sulphur_butterfly (0.3%) | fly (0.3%) | ringlet (0.2%)
Rose_0.jpg,MobileNetV2,hip,11.77,hip (11.8%) | ant (10.1%) | velvet (8.2%) | bee (7.6%) | stinkhorn (7.0%)
Rose_1.jpg,MobileNetV2,hip,18.15,hip (18.2%) | ant (6.0%) | stinkhorn (5.9%) | bee (5.5%) | hummingbird (3.2%)
Rose_2.jpg,MobileNetV2,hip,17.13,hip (17.1%) | bee (10.3%) | coral_fungus (6.1%) | hummingbird (3.0%) | cardoon (2.5%)
Rose_3.jpg,MobileNetV2,coral_fungus,12.17,coral_fungus (12.2%) | hip (6.9%) | bee (5.0%) | stinkhorn (3.2%) | gyromitra (2.8%)
Rose_4.jpg,MobileNetV2,bee,13.21,bee (13.2%) | sulphur_butterfly (8.6%) | picket_fence (4.1%) | hip (3.3%) | bonnet (3.0%)
Marigold_0.jpg,MobileNetV2,goldfish,74.96,goldfish (75.0%) | cardoon (3.2%) | stinkhorn (1.6%) | isopod (1.0%) | earthstar (1.0%)
Marigold_1.jpg,MobileNetV2,hen-of-the-woods,16.55,hen-of-the-woods (16.5%) | coral_fungus (12.8%) | coral_reef (5.3%) | sea_anemone (5.2%) | cardoon (4.7%)
Marigold_2.jpg,MobileNetV2,spaghetti_squash,12.35,spaghetti_squash (12.4%) | stinkhorn (8.7%) | pineapple (5.5%) | cardoon (4.7%) | strawberry (3.8%)
Marigold_3.jpg,MobileNetV2,coral_fungus,21.18,coral_fungus (21.2%) | hen-of-the-woods (13.4%) | spaghetti_squash (7.9%) | earthstar (6.8%) | gyromitra (3.0%)
Marigold_4.jpg,MobileNetV2,coral_fungus,14.78,coral_fungus (14.8%) | hen-of-the-woods (9.5%) | coral_reef (5.2%) | miniature_poodle (3.7%) | volcano (2.9%)
Hibiscus_0.jpg,MobileNetV2,cabbage_butterfly,30.3,cabbage_butterfly (30.3%) | lycaenid (15.7%) | pot (3.5%) | daisy (2.8%) | bee (2.2%)
Hibiscus_1.jpg,MobileNetV2,cabbage_butterfly,81.02,cabbage_butterfly (81.0%) | lycaenid (3.5%) | ringlet (1.3%) | daisy (0.9%) | golf_ball (0.3%)
Hibiscus_2.jpg,MobileNetV2,cabbage_butterfly,75.18,cabbage_butterfly (75.2%) | lycaenid (0.7%) | sulphur_butterfly (0.6%) | daisy (0.5%) | ringlet (0.4%)
Hibiscus_3.jpg,MobileNetV2,cabbage_butterfly,69.2,cabbage_butterfly (69.2%) | daisy (5.2%) | ringlet (2.3%) | lycaenid (1.6%) | sulphur_butterfly (0.7%)
Hibiscus_4.jpg,MobileNetV2,cabbage_butterfly,13.38,cabbage_butterfly (13.4%) | daisy (10.6%) | lycaenid (7.7%) | pot (6.3%) | earthstar (3.5%)
Nayantara_0.jpg,MobileNetV2,pinwheel,40.38,pinwheel (40.4%) | pot (18.3%) | starfish (2.7%) | daisy (2.0%) | acorn (1.4%)
Nayantara_1.jpg,MobileNetV2,pot,28.49,pot (28.5%) | pinwheel (26.5%) | earthstar (5.2%) | daisy (3.9%) | bell_pepper (2.3%)
Nayantara_2.jpg,MobileNetV2,pot,36.59,pot (36.6%) | daisy (17.0%) | pinwheel (9.2%) | greenhouse (1.9%) | bell_pepper (1.6%)
Nayantara_3.jpg,MobileNetV2,daisy,23.04,daisy (23.0%) | pot (10.2%) | pinwheel (8.4%) | cabbage_butterfly (5.6%) | fly (4.2%)
Nayantara_4.jpg,MobileNetV2,hip,17.16,hip (17.2%) | pot (9.0%) | daisy (8.8%) | cabbage_butterfly (4.1%) | harvestman (3.6%)
sunflower_0.jpg,DenseNet121,daisy,93.63,daisy (93.6%) | bee (3.3%) | fly (0.9%) | sulphur_butterfly (0.7%) | monarch (0.3%)
sunflower_1.jpg,DenseNet121,daisy,96.21,daisy (96.2%) | bee (1.5%) | sulphur_butterfly (0.4%) | rapeseed (0.4%) | fly (0.3%)
sunflower_2.jpg,DenseNet121,daisy,93.45,daisy (93.4%) | bee (3.5%) | fly (0.8%) | sulphur_butterfly (0.5%) | rapeseed (0.4%)
sunflower_3.jpg,DenseNet121,daisy,98.73,daisy (98.7%) | bee (0.6%) | fly (0.2%) | vase (0.1%) | sulphur_butterfly (0.1%)
sunflower_4.jpg,DenseNet121,daisy,92.79,daisy (92.8%) | bee (2.1%) | sulphur_butterfly (1.5%) | long-horned_beetle (0.5%) | fly (0.4%)
Rose_0.jpg,DenseNet121,sulphur_butterfly,28.2,sulphur_butterfly (28.2%) | gyromitra (8.5%) | cabbage_butterfly (6.3%) | stinkhorn (5.0%) | bee (4.9%)
Rose_1.jpg,DenseNet121,sulphur_butterfly,24.35,sulphur_butterfly (24.4%) | cabbage_butterfly (12.5%) | picket_fence (10.6%) | bee (6.6%) | hip (6.4%)
Rose_2.jpg,DenseNet121,rapeseed,23.55,rapeseed (23.6%) | sulphur_butterfly (10.4%) | bee (7.9%) | picket_fence (7.7%) | cabbage_butterfly (3.4%)
Rose_3.jpg,DenseNet121,rapeseed,23.39,rapeseed (23.4%) | picket_fence (10.8%) | bee (9.9%) | sulphur_butterfly (8.8%) | cabbage_butterfly (4.4%)
Rose_4.jpg,DenseNet121,bee,40.34,bee (40.3%) | sulphur_butterfly (24.6%) | cabbage_butterfly (12.4%) | ringlet (2.7%) | hummingbird (2.5%)
Marigold_0.jpg,DenseNet121,hen-of-the-woods,17.18,hen-of-the-woods (17.2%) | coral_fungus (10.7%) | ear (10.0%) | stinkhorn (6.8%) | gyromitra (6.0%)
Marigold_1.jpg,DenseNet121,hen-of-the-woods,33.56,hen-of-the-woods (33.6%) | cardoon (9.4%) | earthstar (6.3%) | stinkhorn (5.1%) | barn_spider (4.5%)
Marigold_2.jpg,DenseNet121,spaghetti_squash,22.13,spaghetti_squash (22.1%) | daisy (9.0%) | stinkhorn (8.1%) | coral_fungus (3.6%) | plastic_bag (3.5%)
Marigold_3.jpg,DenseNet121,daisy,21.82,daisy (21.8%) | earthstar (12.2%) | coral_fungus (11.1%) | hen-of-the-woods (8.7%) | gyromitra (3.8%)
Marigold_4.jpg,DenseNet121,daisy,12.69,daisy (12.7%) | coral_fungus (10.9%) | hen-of-the-woods (8.0%) | earthstar (4.3%) | vase (3.1%)
Hibiscus_0.jpg,DenseNet121,cabbage_butterfly,18.28,cabbage_butterfly (18.3%) | pot (13.5%) | ant (11.7%) | daisy (5.8%) | leaf_beetle (4.3%)
Hibiscus_1.jpg,DenseNet121,cabbage_butterfly,80.61,cabbage_butterfly (80.6%) | daisy (4.5%) | mushroom (3.2%) | pot (2.2%) | picket_fence (1.5%)
Hibiscus_2.jpg,DenseNet121,cabbage_butterfly,37.32,cabbage_butterfly (37.3%) | daisy (21.8%) | pot (15.4%) | custard_apple (2.8%) | buckeye (2.5%)
Hibiscus_3.jpg,DenseNet121,cabbage_butterfly,91.78,cabbage_butterfly (91.8%) | daisy (1.0%) | pot (0.9%) | custard_apple (0.5%) | solar_dish (0.4%)
Hibiscus_4.jpg,DenseNet121,cabbage_butterfly,43.45,cabbage_butterfly (43.5%) | daisy (26.7%) | pot (13.6%) | picket_fence (2.8%) | ladybug (0.9%)
Nayantara_0.jpg,DenseNet121,pot,29.15,pot (29.1%) | daisy (8.0%) | ant (6.8%) | slug (6.7%) | lycaenid (4.2%)
Nayantara_1.jpg,DenseNet121,pot,35.73,pot (35.7%) | earthstar (11.2%) | ant (5.6%) | strawberry (4.4%) | lemon (3.3%)
Nayantara_2.jpg,DenseNet121,pot,14.5,pot (14.5%) | slug (8.3%) | ant (6.0%) | daisy (5.0%) | cabbage_butterfly (4.5%)
Nayantara_3.jpg,DenseNet121,pot,45.34,pot (45.3%) | ladybug (4.8%) | daisy (4.7%) | bee (4.5%) | cabbage_butterfly (4.4%)
Nayantara_4.jpg,DenseNet121,cabbage_butterfly,13.85,cabbage_butterfly (13.9%) | hip (7.4%) | ringlet (7.2%) | daisy (6.5%) | ant (6.3%)
sunflower_0.jpg,InceptionResNetV2,daisy,93.28,daisy (93.3%) | bee (0.3%) | sulphur_butterfly (0.2%) | cabbage_butterfly (0.1%) | fly (0.1%)
sunflower_1.jpg,InceptionResNetV2,daisy,90.35,daisy (90.3%) | bee (1.2%) | sulphur_butterfly (0.6%) | picket_fence (0.5%) | vase (0.5%)
sunflower_2.jpg,InceptionResNetV2,daisy,90.52,daisy (90.5%) | bee (0.3%) | sulphur_butterfly (0.2%) | fly (0.1%) | cabbage_butterfly (0.1%)
sunflower_3.jpg,InceptionResNetV2,daisy,91.43,daisy (91.4%) | bee (0.3%) | sulphur_butterfly (0.3%) | monarch (0.1%) | cabbage_butterfly (0.1%)
sunflower_4.jpg,InceptionResNetV2,daisy,91.41,daisy (91.4%) | bee (0.6%) | sulphur_butterfly (0.4%) | pot (0.3%) | picket_fence (0.2%)
Rose_0.jpg,InceptionResNetV2,stinkhorn,67.47,stinkhorn (67.5%) | gyromitra (8.5%) | coral_fungus (1.0%) | earthstar (0.8%) | hen-of-the-woods (0.5%)
Rose_1.jpg,InceptionResNetV2,gyromitra,63.11,gyromitra (63.1%) | stinkhorn (6.7%) | hip (2.0%) | hen-of-the-woods (1.8%) | agaric (1.3%)
Rose_2.jpg,InceptionResNetV2,gyromitra,56.65,gyromitra (56.6%) | coral_fungus (5.8%) | hen-of-the-woods (3.6%) | earthstar (1.2%) | stinkhorn (1.0%)
Rose_3.jpg,InceptionResNetV2,gyromitra,60.47,gyromitra (60.5%) | hen-of-the-woods (2.4%) | coral_fungus (2.3%) | stinkhorn (1.9%) | sulphur_butterfly (1.5%)
Rose_4.jpg,InceptionResNetV2,hip,24.07,hip (24.1%) | pot (15.2%) | greenhouse (8.7%) | chainlink_fence (5.3%) | picket_fence (5.3%)
Marigold_0.jpg,InceptionResNetV2,cardoon,89.62,cardoon (89.6%) | daisy (2.3%) | artichoke (0.4%) | pot (0.2%) | bee (0.2%)
Marigold_1.jpg,InceptionResNetV2,daisy,87.53,daisy (87.5%) | cardoon (1.1%) | hair_slide (0.7%) | earthstar (0.7%) | pot (0.4%)
Marigold_2.jpg,InceptionResNetV2,daisy,90.06,daisy (90.1%) | bee (0.5%) | sulphur_butterfly (0.4%) | ringlet (0.2%) | monarch (0.2%)
Marigold_3.jpg,InceptionResNetV2,daisy,33.23,daisy (33.2%) | earthstar (11.9%) | black_grouse (8.4%) | pot (2.3%) | hen-of-the-woods (2.0%)
Marigold_4.jpg,InceptionResNetV2,daisy,66.51,daisy (66.5%) | pot (4.3%) | packet (1.3%) | hamper (1.1%) | earthstar (1.1%)
Hibiscus_0.jpg,InceptionResNetV2,bee,15.84,bee (15.8%) | pot (9.4%) | ant (9.3%) | picket_fence (8.8%) | daisy (7.1%)
Hibiscus_1.jpg,InceptionResNetV2,pot,46.11,pot (46.1%) | greenhouse (19.2%) | picket_fence (4.1%) | chainlink_fence (3.9%) | earthstar (2.3%)
Hibiscus_2.jpg,InceptionResNetV2,pot,17.23,pot (17.2%) | picket_fence (12.5%) | earthstar (7.7%) | greenhouse (6.8%) | chainlink_fence (4.4%)
Hibiscus_3.jpg,InceptionResNetV2,pot,19.79,pot (19.8%) | greenhouse (10.1%) | head_cabbage (5.5%) | picket_fence (3.4%) | worm_fence (2.5%)
Hibiscus_4.jpg,InceptionResNetV2,greenhouse,52.33,greenhouse (52.3%) | pot (25.4%) | hip (1.4%) | picket_fence (0.9%) | buckeye (0.8%)
Nayantara_0.jpg,InceptionResNetV2,pot,67.62,pot (67.6%) | bell_pepper (2.6%) | greenhouse (1.9%) | head_cabbage (1.2%) | cucumber (1.1%)
Nayantara_1.jpg,InceptionResNetV2,ant,17.28,ant (17.3%) | pot (14.8%) | earthstar (9.1%) | fig (7.0%) | pinwheel (4.8%)
Nayantara_2.jpg,InceptionResNetV2,pot,59.15,pot (59.1%) | ant (3.5%) | earthstar (2.2%) | daisy (2.0%) | greenhouse (1.6%)
Nayantara_3.jpg,InceptionResNetV2,pot,58.78,pot (58.8%) | bell_pepper (4.4%) | fig (1.9%) | head_cabbage (1.6%) | greenhouse (1.6%)
Nayantara_4.jpg,InceptionResNetV2,earthstar,38.42,earthstar (38.4%) | pot (8.3%) | spider_web (2.7%) | hip (2.5%) | chainlink_fence (2.3%)
sunflower_0.jpg,NASNetMobile,daisy,83.37,daisy (83.4%) | bee (3.3%) | ant (1.1%) | fly (0.6%) | sulphur_butterfly (0.4%)
sunflower_1.jpg,NASNetMobile,daisy,88.33,daisy (88.3%) | bee (2.8%) | fly (0.5%) | ant (0.4%) | sulphur_butterfly (0.3%)
sunflower_2.jpg,NASNetMobile,daisy,83.44,daisy (83.4%) | bee (4.2%) | fly (0.8%) | ant (0.7%) | sulphur_butterfly (0.3%)
sunflower_3.jpg,NASNetMobile,daisy,81.47,daisy (81.5%) | bee (2.8%) | pot (0.9%) | ant (0.7%) | sulphur_butterfly (0.6%)
sunflower_4.jpg,NASNetMobile,daisy,89.05,daisy (89.0%) | bee (0.5%) | ant (0.3%) | pot (0.2%) | sulphur_butterfly (0.1%)
Rose_0.jpg,NASNetMobile,gyromitra,88.43,gyromitra (88.4%) | stinkhorn (0.9%) | hen-of-the-woods (0.5%) | earthstar (0.2%) | coral_fungus (0.2%)
Rose_1.jpg,NASNetMobile,bee,12.04,bee (12.0%) | sulphur_butterfly (10.2%) | cabbage_butterfly (4.5%) | rapeseed (3.7%) | admiral (3.6%)
Rose_2.jpg,NASNetMobile,bee,24.1,bee (24.1%) | sulphur_butterfly (11.7%) | rapeseed (10.3%) | monarch (5.5%) | daisy (4.3%)
Rose_3.jpg,NASNetMobile,bee,15.15,bee (15.1%) | hip (9.8%) | sulphur_butterfly (8.8%) | gyromitra (4.7%) | monarch (4.7%)
Rose_4.jpg,NASNetMobile,bee,31.6,bee (31.6%) | sulphur_butterfly (14.4%) | hip (5.0%) | cabbage_butterfly (5.0%) | admiral (3.7%)
Marigold_0.jpg,NASNetMobile,cardoon,34.87,cardoon (34.9%) | daisy (12.7%) | wire-haired_fox_terrier (1.3%) | bee (1.0%) | goldfish (0.8%)
Marigold_1.jpg,NASNetMobile,daisy,20.85,daisy (20.8%) | hen-of-the-woods (15.6%) | stinkhorn (8.5%) | earthstar (5.8%) | cardoon (3.5%)
Marigold_2.jpg,NASNetMobile,daisy,67.69,daisy (67.7%) | coral_fungus (4.1%) | stinkhorn (2.1%) | sulphur_butterfly (1.9%) | bee (1.8%)
Marigold_3.jpg,NASNetMobile,hen-of-the-woods,17.59,hen-of-the-woods (17.6%) | hair_slide (11.6%) | earthstar (6.0%) | pot (4.0%) | cardoon (3.9%)
Marigold_4.jpg,NASNetMobile,pot,5.95,pot (6.0%) | hamper (4.4%) | coral_reef (4.2%) | vase (3.9%) | handkerchief (3.5%)
Hibiscus_0.jpg,NASNetMobile,bee,28.19,bee (28.2%) | daisy (16.6%) | cabbage_butterfly (11.0%) | pot (5.1%) | ant (2.9%)
Hibiscus_1.jpg,NASNetMobile,daisy,29.64,daisy (29.6%) | bee (5.3%) | cabbage_butterfly (4.3%) | pot (3.5%) | earthstar (2.8%)
Hibiscus_2.jpg,NASNetMobile,cabbage_butterfly,18.89,cabbage_butterfly (18.9%) | daisy (15.4%) | bee (10.8%) | pot (5.0%) | plastic_bag (3.8%)
Hibiscus_3.jpg,NASNetMobile,cabbage_butterfly,19.76,cabbage_butterfly (19.8%) | spider_web (8.2%) | daisy (3.9%) | earthstar (3.0%) | pot (1.9%)
Hibiscus_4.jpg,NASNetMobile,daisy,26.17,daisy (26.2%) | cabbage_butterfly (13.4%) | pot (12.5%) | bee (6.7%) | picket_fence (3.5%)
Nayantara_0.jpg,NASNetMobile,pot,20.24,pot (20.2%) | earthstar (9.6%) | daisy (5.7%) | slug (2.4%) | stinkhorn (2.3%)
Nayantara_1.jpg,NASNetMobile,ant,57.27,ant (57.3%) | daisy (2.9%) | pot (2.3%) | harvestman (2.3%) | bee (1.9%)
Nayantara_2.jpg,NASNetMobile,pot,36.13,pot (36.1%) | daisy (23.8%) | ant (3.3%) | slug (2.0%) | bee (1.3%)
Nayantara_3.jpg,NASNetMobile,pot,21.24,pot (21.2%) | daisy (16.3%) | pinwheel (8.2%) | picket_fence (3.8%) | ant (2.5%)
Nayantara_4.jpg,NASNetMobile,daisy,25.91,daisy (25.9%) | ant (7.4%) | cabbage_butterfly (5.9%) | chainlink_fence (5.5%) | pot (3.0%)
sunflower_0.jpg,EfficientNetB0,daisy,94.65,daisy (94.6%) | bee (1.1%) | fly (0.4%) | ant (0.3%) | ladybug (0.2%)
sunflower_1.jpg,EfficientNetB0,daisy,90.85,daisy (90.9%) | bee (1.8%) | rapeseed (0.2%) | sulphur_butterfly (0.2%) | pot (0.2%)
sunflower_2.jpg,EfficientNetB0,daisy,93.45,daisy (93.4%) | bee (1.1%) | sulphur_butterfly (0.2%) | ringlet (0.2%) | pot (0.2%)
sunflower_3.jpg,EfficientNetB0,daisy,92.18,daisy (92.2%) | bee (1.8%) | pot (0.5%) | sulphur_butterfly (0.3%) | monarch (0.2%)
sunflower_4.jpg,EfficientNetB0,daisy,92.55,daisy (92.5%) | bee (1.2%) | sulphur_butterfly (0.3%) | monarch (0.3%) | ladybug (0.2%)
Rose_0.jpg,EfficientNetB0,hip,16.23,hip (16.2%) | bee (5.8%) | ant (3.9%) | ladybug (2.9%) | gyromitra (2.9%)
Rose_1.jpg,EfficientNetB0,ant,12.05,ant (12.1%) | hip (8.0%) | grasshopper (5.9%) | sulphur_butterfly (4.7%) | walking_stick (4.1%)
Rose_2.jpg,EfficientNetB0,sulphur_butterfly,6.5,sulphur_butterfly (6.5%) | ant (6.1%) | bee (5.7%) | hip (5.3%) | daisy (4.2%)
Rose_3.jpg,EfficientNetB0,hip,11.59,hip (11.6%) | nail (4.1%) | chainlink_fence (3.8%) | sulphur_butterfly (3.7%) | gyromitra (3.5%)
Rose_4.jpg,EfficientNetB0,hip,16.69,hip (16.7%) | bee (6.0%) | African_chameleon (4.4%) | snail (3.4%) | pot (2.9%)
Marigold_0.jpg,EfficientNetB0,cardoon,17.13,cardoon (17.1%) | daisy (6.8%) | goldfish (4.3%) | coral_fungus (1.9%) | sea_anemone (1.9%)
Marigold_1.jpg,EfficientNetB0,daisy,10.45,daisy (10.5%) | cardoon (7.7%) | spaghetti_squash (5.7%) | hen-of-the-woods (5.1%) | coral_fungus (2.0%)
Marigold_2.jpg,EfficientNetB0,pineapple,13.53,pineapple (13.5%) | cardoon (9.9%) | daisy (7.6%) | sulphur_butterfly (4.0%) | strawberry (2.9%)
Marigold_3.jpg,EfficientNetB0,daisy,9.15,daisy (9.2%) | hen-of-the-woods (5.5%) | coral_fungus (5.1%) | spaghetti_squash (3.5%) | cardoon (3.1%)
Marigold_4.jpg,EfficientNetB0,hen-of-the-woods,6.3,hen-of-the-woods (6.3%) | daisy (5.4%) | spaghetti_squash (5.3%) | coral_fungus (4.8%) | velvet (4.7%)
Hibiscus_0.jpg,EfficientNetB0,ant,31.96,ant (32.0%) | bee (11.8%) | garden_spider (9.4%) | leaf_beetle (2.7%) | black_and_gold_garden_spider (2.6%)
Hibiscus_1.jpg,EfficientNetB0,cabbage_butterfly,75.57,cabbage_butterfly (75.6%) | daisy (4.1%) | sulphur_butterfly (2.9%) | lycaenid (2.6%) | ringlet (1.9%)
Hibiscus_2.jpg,EfficientNetB0,cabbage_butterfly,35.24,cabbage_butterfly (35.2%) | daisy (26.8%) | hip (2.4%) | earthstar (2.2%) | lycaenid (2.0%)
Hibiscus_3.jpg,EfficientNetB0,daisy,78.74,daisy (78.7%) | cabbage_butterfly (1.8%) | earthstar (1.4%) | pot (1.2%) | hip (0.5%)
Hibiscus_4.jpg,EfficientNetB0,pot,22.54,pot (22.5%) | daisy (11.5%) | cabbage_butterfly (10.3%) | greenhouse (9.8%) | strawberry (4.9%)
Nayantara_0.jpg,EfficientNetB0,pot,19.12,pot (19.1%) | bell_pepper (4.1%) | fig (3.6%) | cucumber (3.6%) | cabbage_butterfly (3.4%)
Nayantara_1.jpg,EfficientNetB0,pot,14.79,pot (14.8%) | ant (12.3%) | bell_pepper (8.4%) | acorn (5.5%) | fig (5.0%)
Nayantara_2.jpg,EfficientNetB0,pot,16.77,pot (16.8%) | green_snake (4.4%) | American_chameleon (4.0%) | strawberry (3.8%) | walking_stick (3.4%)
Nayantara_3.jpg,EfficientNetB0,pot,16.42,pot (16.4%) | acorn (5.7%) | daisy (4.1%) | fig (3.4%) | earthstar (3.0%)
Nayantara_4.jpg,EfficientNetB0,earthstar,9.79,earthstar (9.8%) | daisy (8.8%) | cabbage_butterfly (5.7%) | hip (3.1%) | bee (2.5%)
