epoch,time,train/box_loss,train/cls_loss,train/dfl_loss,metrics/precision(B),metrics/recall(B),metrics/mAP50(B),metrics/mAP50-95(B),val/box_loss,val/cls_loss,val/dfl_loss,lr/pg0,lr/pg1,lr/pg2
1,20.0488,0.95814,2.97078,1.13034,0.00667,0.92308,0.09172,0.05381,0.87079,3.06489,1.21707,4e-05,4e-05,4e-05
2,34.4608,0.70975,2.65638,0.99266,0.00722,1,0.36621,0.30898,0.45271,2.86585,0.88439,9.802e-05,9.802e-05,9.802e-05
3,48.4338,0.63399,2.35797,0.97494,0.00722,1,0.5773,0.52484,0.38744,2.79383,0.84199,0.000153664,0.000153664,0.000153664
4,65.6354,0.58288,1.7775,0.92339,0.00722,1,0.64505,0.5952,0.42773,2.67244,0.87382,0.000206932,0.000206932,0.000206932
5,81.7221,0.48004,1.53298,0.91838,0.28298,0.61538,0.64918,0.59309,0.48356,2.6239,0.90772,0.000257824,0.000257824,0.000257824
6,97.3096,0.5264,1.23841,0.91693,1,0.20237,0.66293,0.61858,0.5615,2.62231,0.92584,0.00030634,0.00030634,0.00030634
7,110.113,0.5215,1.18245,0.89701,0.6215,0.133,0.69266,0.58271,0.57351,2.64307,0.93284,0.00035248,0.00035248,0.00035248
8,123.897,0.56923,1.08763,0.90371,0.79936,0.30671,0.62189,0.5339,0.588,2.57426,0.95698,0.000396244,0.000396244,0.000396244
9,139.358,0.51327,1.02612,0.90253,0.80755,0.38462,0.5957,0.52298,0.63239,2.54771,0.9808,0.000437632,0.000437632,0.000437632
10,153.176,0.56617,1.02424,0.87274,0.8423,0.61538,0.63489,0.58494,0.60771,2.4427,1.01139,0.000476644,0.000476644,0.000476644
11,165.817,0.54053,0.95058,0.90826,0.87888,0.55996,0.63826,0.58936,0.53019,2.32697,0.98662,0.00051328,0.00051328,0.00051328
12,177.779,0.48992,1.05401,0.89608,0.78426,0.56091,0.69094,0.5958,0.55234,2.1947,0.99882,0.00054754,0.00054754,0.00054754
13,190.956,0.59346,1.04521,0.92982,0.93546,0.69231,0.74089,0.60959,0.5764,2.00874,1.01929,0.000579424,0.000579424,0.000579424
14,203.077,0.52553,0.92388,0.87896,0.94866,0.69231,0.74706,0.64312,0.58538,2.00957,1.07084,0.000608932,0.000608932,0.000608932
15,218.114,0.55076,0.94748,0.90468,0.94866,0.69231,0.74706,0.64312,0.58538,2.00957,1.07084,0.000636064,0.000636064,0.000636064
16,238.663,0.56085,0.97307,0.88973,0.8898,0.62166,0.73101,0.5977,0.5837,2.31071,1.05419,0.00066082,0.00066082,0.00066082
17,256.241,0.50304,0.92066,0.86466,1,0.5337,0.71051,0.5966,0.50493,2.25527,0.92598,0.0006832,0.0006832,0.0006832
18,270.98,0.52566,0.87707,0.87935,1,0.5337,0.71051,0.5966,0.50493,2.25527,0.92598,0.000703204,0.000703204,0.000703204
19,299.509,0.50486,0.94726,0.9174,0.85015,0.53846,0.71383,0.64737,0.53266,2.11031,0.94105,0.000720832,0.000720832,0.000720832
20,321.41,0.55797,0.89358,0.90587,0.87488,0.53794,0.71956,0.63823,0.54982,2.11288,0.96177,0.000736084,0.000736084,0.000736084
21,340.388,0.51134,0.90903,0.83845,0.87488,0.53794,0.71956,0.63823,0.54982,2.11288,0.96177,0.00074896,0.00074896,0.00074896
22,354.817,0.52673,0.85738,0.87388,0.88558,0.59708,0.78826,0.66661,0.55344,1.96501,0.96296,0.00075946,0.00075946,0.00075946
23,369.072,0.44533,0.78305,0.88714,0.88558,0.59708,0.78826,0.66661,0.55344,1.96501,0.96296,0.000767584,0.000767584,0.000767584
24,385.649,0.48989,0.81872,0.90994,0.83814,0.61538,0.78124,0.7036,0.50088,1.59959,0.91966,0.000773332,0.000773332,0.000773332
25,401.14,0.47422,0.85577,0.91324,0.83814,0.61538,0.78124,0.7036,0.50088,1.59959,0.91966,0.000776704,0.000776704,0.000776704
26,415.835,0.51103,0.86022,0.87738,0.98615,0.61538,0.77611,0.69386,0.50979,1.58615,0.9586,0.0007777,0.0007777,0.0007777
27,431.099,0.54531,0.83294,0.90916,0.98615,0.61538,0.77611,0.69386,0.50979,1.58615,0.9586,0.00077632,0.00077632,0.00077632
28,445.538,0.55093,0.80394,0.89107,0.77631,0.80225,0.8466,0.75376,0.5094,1.40599,0.94122,0.000772564,0.000772564,0.000772564
29,459.127,0.5394,0.93529,0.96145,0.77631,0.80225,0.8466,0.75376,0.5094,1.40599,0.94122,0.000766432,0.000766432,0.000766432
30,476.161,0.48377,0.79877,0.90959,0.77631,0.80225,0.8466,0.75376,0.5094,1.40599,0.94122,0.000757924,0.000757924,0.000757924
31,493.313,0.45654,0.75984,0.84074,0.89625,0.84615,0.90016,0.79565,0.5302,1.29591,0.9482,0.00074704,0.00074704,0.00074704
32,508.386,0.43663,0.80187,0.88371,0.89625,0.84615,0.90016,0.79565,0.5302,1.29591,0.9482,0.00073378,0.00073378,0.00073378
33,523.432,0.51965,0.80478,0.90781,0.88438,0.84615,0.90517,0.81322,0.49864,1.26679,0.91753,0.000718144,0.000718144,0.000718144
34,537.655,0.45209,0.77591,0.86858,0.88438,0.84615,0.90517,0.81322,0.49864,1.26679,0.91753,0.0006932,0.0006932,0.0006932
35,553.829,0.4424,0.7553,0.88658,0.88438,0.84615,0.90517,0.81322,0.49864,1.26679,0.91753,0.0006536,0.0006536,0.0006536
36,568.009,0.48544,0.78012,0.88293,0.9083,0.92308,0.91928,0.84277,0.47171,1.1732,0.89573,0.000614,0.000614,0.000614
37,581.963,0.49136,0.70605,0.87504,0.9083,0.92308,0.91928,0.84277,0.47171,1.1732,0.89573,0.0005744,0.0005744,0.0005744
38,602.279,0.43306,0.75496,0.86774,0.9083,0.92308,0.91928,0.84277,0.47171,1.1732,0.89573,0.0005348,0.0005348,0.0005348
39,626.689,0.46385,0.79776,0.86308,0.91855,0.92308,0.91827,0.847,0.43234,1.15663,0.87205,0.0004952,0.0004952,0.0004952
40,640.358,0.42525,0.7472,0.85096,0.91855,0.92308,0.91827,0.847,0.43234,1.15663,0.87205,0.0004556,0.0004556,0.0004556
41,655.107,0.45769,1.14931,0.86854,0.84077,0.92308,0.91245,0.85222,0.44094,1.16863,0.86299,0.000416,0.000416,0.000416
42,667.279,0.38051,1.04787,0.85082,0.84077,0.92308,0.91245,0.85222,0.44094,1.16863,0.86299,0.0003764,0.0003764,0.0003764
43,679.147,0.36475,1.03441,0.88219,0.84077,0.92308,0.91245,0.85222,0.44094,1.16863,0.86299,0.0003368,0.0003368,0.0003368
44,692.734,0.41053,0.86779,0.90271,0.90013,0.92308,0.91614,0.80986,0.49807,1.17811,0.9326,0.0002972,0.0002972,0.0002972
45,705.888,0.40509,0.93698,0.83187,0.90013,0.92308,0.91614,0.80986,0.49807,1.17811,0.9326,0.0002576,0.0002576,0.0002576
46,718.561,0.4131,0.91818,0.87208,0.90013,0.92308,0.91614,0.80986,0.49807,1.17811,0.9326,0.000218,0.000218,0.000218
47,733.229,0.36991,0.89598,0.85352,0.92186,0.90852,0.92144,0.80346,0.49751,1.16089,0.92933,0.0001784,0.0001784,0.0001784
48,746.258,0.34719,0.84145,0.81165,0.92186,0.90852,0.92144,0.80346,0.49751,1.16089,0.92933,0.0001388,0.0001388,0.0001388
49,761.131,0.30804,0.86122,0.78596,0.92298,0.92308,0.91632,0.79292,0.46865,1.15598,0.89036,9.92e-05,9.92e-05,9.92e-05
50,774.52,0.40445,1.0123,0.85016,0.92298,0.92308,0.91632,0.79292,0.46865,1.15598,0.89036,5.96e-05,5.96e-05,5.96e-05
